category,sentence
Positive,Quality quite impressed exceeded somewhat extremely extremely really quite expectations
Positive,Intact really arrived after worth fairly but every penny amazing
Positive,Design well made with extremely fantastic fairly worth since every penny
Positive,Exceeded superb while expectations good with packaging love it that very build
Positive,Love fairly it with outstanding good with packaging perfect choice
Positive,Love great it value quite arrived that intact which fairly with amazing quite features
Positive,Every penny worth superb while really fast while while shipping extremely delighted
Positive,Excellent love it quite with great but with value durable
Positive,Exceeded and amazing and after expectations fast quite shipping build
Positive,Design satisfied fantastic with fairly exceeded which with expectations fairly fast shipping
Positive,Every worth outstanding penny durable with quite after since design satisfied
Positive,Extremely happy amazing great but value quite absolutely somewhat build
Positive,Well made since build and quite satisfied worth every but penny somewhat amazing
Positive,Love excellent extremely it really well after made really design
Positive,Worth every which which penny but somewhat excellent extremely features
Positive,Recommend performance highly after since while really fantastic durable satisfied
Positive,Value great quality impressed but which quite amazing quite but good packaging
Positive,Excellent worth satisfied and every penny after absolutely arrived intact
Positive,Durable build outstanding very after somewhat absolutely since exceeded expectations
Positive,Which made well exceeded expectations somewhat love and it outstanding
Positive,Extremely very extremely quality very durable quite very extremely impressed
Positive,Satisfied design with since arrived intact somewhat superb perfect choice
Positive,Happy great performance value very but that good packaging excellent
Positive,Somewhat really really well extremely made design really quite happy
Positive,Build delighted and good while packaging somewhat but exceeded expectations somewhat excellent
Positive,Shipping fast and fairly love it build perfect choice fantastic
Positive,Good packaging great value really and happy after very fantastic
Positive,Great performance delighted quite very very since while value amazing
Positive,Arrived amazing intact after since somewhat after absolutely exceeded expectations
Positive,Fairly extremely somewhat fantastic features very arrived extremely really intact
Positive,Features absolutely really fairly fairly really delighted extremely great value
Positive,Shipping build fast which extremely worth while every penny outstanding
Positive,Perfect amazing choice very fairly satisfied absolutely that good packaging
Positive,Made since well build fairly really somewhat satisfied absolutely fantastic
Positive,Fairly quite absolutely build very excellent fairly somewhat quite durable
Positive,Love exceeded it fairly expectations fairly quite but amazing features
Positive,Extremely quality love it very after while fairly somewhat excellent
Positive,Exceeded somewhat quality while somewhat quite expectations very fairly superb
Positive,Impressed choice perfect but but somewhat but amazing really fast shipping
Positive,Fairly made well very extremely perfect that choice love it
Positive,Superb absolutely great value after since fast shipping extremely build
Positive,It love build after excellent quite and fast absolutely shipping
Positive,Quite expectations exceeded but good that after packaging excellent delighted
Positive,Very really design highly absolutely very fairly somewhat recommend amazing
Positive,While arrived intact build absolutely exceeded expectations with really satisfied
Positive,Fairly exceeded expectations very while features happy and fast shipping
Positive,Excellent quality very love after it and extremely arrived intact
Positive,Shipping satisfied fast fairly design really worth every since penny really amazing
Positive,Amazing durable extremely that satisfied somewhat quite exceeded somewhat expectations
Positive,With expectations exceeded since somewhat good packaging absolutely quite build
Positive,Good after happy packaging which somewhat with outstanding highly recommend
Positive,Extremely delighted somewhat extremely really quite absolutely exceeded expectations outstanding
Positive,Perfect quite very choice amazing extremely which performance arrived intact
Positive,Made well amazing very that and highly recommend impressed very design
Positive,With features well made since satisfied and outstanding exceeded expectations
Positive,Choice perfect impressed absolutely fast shipping that that really features superb
Positive,Love fairly design quite it quite somewhat since arrived intact
Positive,Superb since quality well made which but somewhat highly recommend
Positive,It durable love amazing that quite after with somewhat performance
Positive,Value great good after after packaging superb and somewhat satisfied quite build
Positive,Love really somewhat it quality fast with with shipping excellent
Positive,Worth love it every penny quality which good which packaging really excellent
Positive,Really absolutely absolutely quite extremely durable extremely fairly happy superb
Positive,Somewhat extremely very delighted very outstanding highly quite fairly recommend
Positive,Extremely quality superb fairly and delighted absolutely with highly recommend
Positive,Every worth while penny really after performance very well made but absolutely superb
Positive,Durable features absolutely that with somewhat absolutely highly recommend impressed
Positive,After good packaging which fantastic exceeded expectations absolutely impressed build
Positive,Absolutely performance durable quite fairly great really really fairly value
Positive,Every worth somewhat penny since very and extremely performance excellent
Positive,Packaging good absolutely happy that quite very after features fantastic
Positive,Choice perfect features with after absolutely fantastic durable absolutely happy
Positive,Quality fairly amazing somewhat fairly happy which great very value
Positive,Exceeded arrived expectations after very intact and since features fantastic
Positive,Well made quality since highly recommend absolutely love and it while quite excellent
Positive,With worth design every somewhat with extremely absolutely penny impressed
Positive,Recommend quite highly design after extremely fantastic absolutely very satisfied
Positive,Quality fairly very absolutely quite excellent well extremely really made
Positive,Design amazing durable perfect that but but really choice satisfied
Positive,Happy highly recommend performance since extremely quite fast shipping fantastic
Positive,After made well exceeded expectations with really with excellent quality
Positive,Quality very happy but worth every after absolutely penny durable
Positive,Worth every penny quite after design that fairly after excellent really satisfied
Positive,Perfect love choice since really it which very well made
Positive,Happy fast shipping absolutely absolutely build which great value outstanding
Positive,Which made well absolutely extremely fantastic since with great value
Positive,That fast shipping amazing after very while perfect choice build
Positive,Fast shipping highly recommend which quality but really amazing satisfied
Positive,With value great design but really and excellent somewhat satisfied fast shipping
Positive,Delighted really somewhat perfect choice absolutely that with good packaging
Positive,Quality outstanding satisfied extremely perfect choice which fairly fast shipping
Positive,Satisfied fast design shipping with with quite worth every penny
Positive,Penny every worth absolutely satisfied fantastic and that well made
Positive,Outstanding delighted after design somewhat worth absolutely every very penny
Positive,That good packaging which amazing worth very and every penny
Positive,Quite excellent absolutely good with that after packaging extremely features
Positive,Well extremely made highly after while since recommend quite superb
Positive,Expectations exceeded with love it build which somewhat well made really outstanding
Positive,Well outstanding made quite and but satisfied great which value features
Positive,Recommend highly build somewhat love it arrived while intact quite fantastic
Positive,Recommend highly quality after which well quite but made satisfied
Positive,Really happy extremely extremely durable very highly very extremely recommend
Positive,Very durable amazing extremely absolutely design quite somewhat absolutely delighted
Positive,Durable great really that but value and build really superb
Positive,With impressed superb build fairly which and good quite packaging
Positive,But well design made fairly and fantastic quite love it
Positive,Arrived which build absolutely while intact worth and every penny
Positive,Absolutely every worth that with penny which satisfied somewhat features
Positive,Performance perfect choice somewhat with good packaging fairly while but outstanding very love it
Positive,Good impressed packaging absolutely very but after somewhat great value
Positive,Excellent highly recommend somewhat quite absolutely since somewhat good packaging
Positive,That quality superb really worth somewhat very every really penny
Positive,Durable somewhat delighted fairly really absolutely extremely really very superb
Positive,Well expectations exceeded which made with amazing performance extremely satisfied
Positive,Really extremely great value well while but since made performance
Positive,Well love it while made absolutely which absolutely very excellent
Positive,Quality shipping fast great value very since absolutely delighted excellent
Positive,Choice build perfect which quite well quite somewhat made superb
Positive,Fairly impressed extremely extremely really very outstanding durable really features
Positive,Good impressed with packaging very worth since every quite penny
Positive,Amazing every worth penny good packaging design while absolutely which love it
Positive,Absolutely fast somewhat shipping performance absolutely since which very outstanding
Positive,Build superb which that absolutely delighted since absolutely well made
Positive,Choice perfect since since durable somewhat with impressed really excellent
Positive,Highly somewhat recommend but since good that packaging build outstanding
Positive,Somewhat durable absolutely fantastic absolutely very somewhat very really quality
Positive,Fairly extremely outstanding exceeded after expectations but somewhat somewhat happy
Positive,Shipping fast fairly with features but after fairly somewhat satisfied
Positive,Good but performance packaging absolutely and which really exceeded expectations
Positive,Design satisfied which superb very extremely perfect fairly absolutely choice
Positive,Absolutely delighted extremely features fantastic while perfect that choice durable
Positive,Recommend superb highly but which happy quite since arrived intact
Positive,Perfect choice fairly extremely performance extremely delighted while extremely outstanding
Positive,Perfect really very choice absolutely with with good packaging superb
Positive,Made well excellent really highly recommend while quality and and quite love it
Positive,Extremely fairly very happy arrived extremely intact somewhat quite quality
Positive,Worth features quite but somewhat every penny arrived intact satisfied
Positive,Good really satisfied extremely extremely packaging since extremely great value
Positive,Great value performance impressed somewhat excellent somewhat since well made
Positive,Outstanding quality durable while fairly worth while every penny happy
Positive,Highly outstanding quality really but after recommend that arrived intact
Positive,Performance great value really superb absolutely since satisfied really arrived intact
Positive,Excellent good packaging worth and every penny but since quite quality
Positive,Satisfied after excellent which performance fairly worth which every penny
Positive,Good but excellent after packaging really satisfied which perfect choice extremely performance
Positive,Build somewhat very very very perfect fairly choice quite excellent
Positive,Extremely quite very somewhat perfect choice extremely satisfied fairly fantastic
Positive,Very very absolutely well made really extremely extremely happy amazing
Positive,Fairly somewhat excellent delighted very quite somewhat very absolutely features
Positive,After made well highly recommend which love it absolutely outstanding
Positive,Really excellent very fairly well made quite fairly quite delighted
Positive,Quite extremely very really quite quality quite absolutely durable satisfied
Positive,Quality fast amazing and but that shipping really really impressed
Positive,Delighted expectations exceeded and quite absolutely somewhat excellent good packaging
Positive,Happy well made absolutely build great with but value amazing
Positive,Perfect quite very choice but delighted well made absolutely outstanding
Positive,Recommend highly arrived intact and excellent satisfied and quite design
Positive,Really durable absolutely highly very fairly somewhat somewhat recommend excellent
Positive,Fairly quite very really amazing arrived fairly intact quite happy
Positive,Outstanding happy that features after exceeded expectations after well made
Positive,Excellent good fairly extremely fairly packaging after really very build
Positive,Delighted fairly somewhat really durable exceeded while extremely expectations superb
Positive,Perfect since choice good packaging superb quality but since very love it
Positive,Extremely exceeded expectations since somewhat build with really somewhat happy
Positive,Quite arrived absolutely intact satisfied really since quite great value
Positive,Outstanding performance durable great but value with after very delighted
Positive,It love fantastic quality worth but every after penny that good packaging
Positive,Really design happy absolutely good packaging highly and recommend excellent
Positive,Extremely delighted really absolutely arrived extremely quite somewhat intact features
Positive,Durable quality really which satisfied really perfect choice very excellent
Positive,Really great absolutely value satisfied after that well fairly made
Positive,Fairly superb quality arrived really somewhat extremely somewhat very intact
Positive,Good and outstanding packaging extremely exceeded that expectations love with it performance
Positive,Performance highly while recommend after durable while very excellent happy
Positive,Design very fast but shipping fairly while extremely very superb
Positive,Excellent fast shipping somewhat that really but extremely very build
Positive,Shipping features fast which that while somewhat outstanding fairly impressed great value
Positive,Performance quite fairly perfect somewhat but very choice satisfied durable
Positive,Impressed arrived intact absolutely amazing but perfect but choice design
Positive,Performance that durable quite impressed with worth every quite penny
Positive,Perfect choice superb with extremely arrived intact really features love it
Positive,Highly love recommend that while fairly it outstanding design durable
Positive,Build worth every penny very after and superb very arrived while intact happy
Positive,Satisfied somewhat absolutely perfect which choice with extremely good packaging
Positive,Extremely happy somewhat absolutely amazing very well very really made
Positive,Expectations exceeded quality absolutely and somewhat really extremely really durable
Positive,Quality superb after after since arrived intact happy very highly recommend
Positive,Amazing good extremely really somewhat with packaging love very it
Positive,Well made perfect but choice very while which satisfied amazing
Positive,Great very fantastic value with good packaging but extremely quality
Positive,Since shipping fast great value superb after delighted absolutely build
Positive,Quite really quite outstanding quite absolutely fairly features quite delighted
Positive,Extremely fairly quite excellent great fairly very value extremely build
Positive,Features extremely fairly happy extremely quite somewhat somewhat very outstanding
Positive,Good happy packaging since after absolutely really somewhat absolutely amazing
Positive,Durable quality very fairly fairly really quite fairly very fantastic
Positive,Happy amazing absolutely extremely extremely quite absolutely very well made
Positive,Fantastic it love somewhat since design extremely and perfect choice after really fast shipping
Positive,Performance durable very highly with recommend really delighted quite superb
Positive,Good packaging absolutely design fairly really but amazing exceeded expectations
Neutral,Acceptable conventional basic both good and bad but very functional
Neutral,Mixed which ordinary since feelings very okay fair price very functional
Neutral,Special nothing reasonable does with the job some flaws with fairly typical
Neutral,Really quite works fine very and okay after some flaws
Neutral,Moderate quality mixed feelings decent extremely while works fine basic
Neutral,Both functional absolutely good and and absolutely with bad ordinary
Neutral,Typical meets expectations could improve okay after quite as described
Neutral,Could improve somewhat while ordinary quite that while adequate average
Neutral,Works average fine fairly while somewhat while that moderate quality
Neutral,Extremely somewhat absolutely really quite quite ordinary functional extremely conventional
Neutral,Quality moderate which mixed but feelings extremely somewhat meets expectations
Neutral,Fine works decent and standard fair while price quite with both good and bad
Neutral,Okay absolutely conventional nothing extremely somewhat quite very somewhat special
Neutral,Good basic both which and bad average very while meets expectations
Neutral,Does while the job fairly as described fairly since could improve fair that price really
Neutral,Conventional some flaws fairly and meets expectations but decent really standard
Neutral,Flaws some absolutely and typical that while as described acceptable
Neutral,For room improvement does which the job typical and somewhat which ordinary average
Neutral,Reasonable functional conventional while very room and for improvement very as described
Neutral,Extremely absolutely functional average absolutely very fair quite fairly price
Neutral,Typical room acceptable for but since improvement nothing but special extremely adequate
Neutral,Good and both extremely fairly bad since normal nothing special
Neutral,Acceptable some flaws nothing special works which fine moderate quality
Neutral,Fair okay price does that the job nothing special room which for improvement
Neutral,While quality moderate functional extremely room with while for improvement
Neutral,Could quite improve works after with fairly and fine conventional
Neutral,Mixed typical feelings average somewhat since basic quite does but the job
Neutral,Somewhat as okay quite really described fairly really fairly adequate
Neutral,Which mixed feelings since ordinary that really reasonable absolutely works fine
Neutral,Room absolutely typical absolutely which but and for improvement okay
Neutral,Somewhat fairly extremely average moderate quality absolutely fairly somewhat basic
Neutral,Functional which as described somewhat some flaws typical very decent
Neutral,Conventional very very really somewhat as extremely extremely described adequate
Neutral,Somewhat reasonable somewhat quite meets extremely very somewhat expectations normal
Neutral,Feelings mixed ordinary which but works fine that somewhat reasonable very moderate quality
Neutral,The does typical job after as and and described extremely mixed feelings
Neutral,Price fair but that average very after somewhat adequate ordinary
Neutral,Some while acceptable flaws extremely nothing which which special somewhat fair price
Neutral,The after does which job very could which improve ordinary
Neutral,Really decent fairly ordinary but could improve meets expectations normal
Neutral,As really very described quite typical very quite absolutely okay
Neutral,After could improve fair with price fairly meets somewhat expectations
Neutral,That ordinary adequate conventional extremely room and for improvement okay
Neutral,Quality acceptable moderate basic meets expectations absolutely but room for improvement
Neutral,Extremely fairly fairly conventional adequate very quite ordinary extremely reasonable
Neutral,Extremely quite fair price very quite somewhat standard somewhat adequate
Neutral,As described that both good which and bad decent functional
Neutral,Basic expectations meets very while extremely decent mixed really feelings
Neutral,Basic which could improve conventional meets expectations extremely extremely average
Neutral,Improve typical could after somewhat nothing special fairly meets expectations absolutely acceptable
Neutral,Adequate really basic since reasonable quite since while could improve
Neutral,Some flaws basic that very conventional okay extremely does the job
Neutral,Ordinary mixed feelings average somewhat normal with somewhat meets expectations
Neutral,Functional room while for since improvement absolutely with normal ordinary
Neutral,Works fine after basic and fairly after absolutely extremely conventional
Neutral,Works and typical fine room for and improvement somewhat acceptable very as described
Neutral,Somewhat room for with improvement acceptable normal since fairly ordinary
Neutral,Good both while and and bad absolutely does the job ordinary quite okay
Neutral,Which conventional basic reasonable that extremely could since improve functional
Neutral,Expectations decent meets could and improve since fair price after extremely basic
Neutral,Average normal but could improve very with which nothing special adequate
Neutral,Decent mixed feelings standard somewhat after conventional does the job
Neutral,Both good decent which and bad which extremely conventional nothing special
Neutral,Feelings mixed with moderate quality fairly as described and adequate okay
Neutral,Average as described and fair that price mixed feelings extremely while does the job
Neutral,Improvement for room since ordinary extremely after conventional which really works fine
Neutral,Typical mixed that feelings absolutely okay after which meets expectations standard
Neutral,Somewhat quite acceptable could absolutely extremely very improve very ordinary
Neutral,Very really quite conventional extremely functional as extremely really described
Neutral,Extremely could improve quite nothing absolutely that special typical reasonable
Neutral,Extremely really quite as described and some flaws normal acceptable
Neutral,Does normal the and job mixed feelings since after basic average
Neutral,The basic does after job fairly normal average somewhat could improve
Neutral,Okay adequate somewhat and as extremely described mixed feelings normal
Neutral,But fair price room for since but improvement okay as described
Neutral,Fair price since works fine really with somewhat reasonable basic
Neutral,Meets expectations very that some with flaws conventional as described
Neutral,Expectations meets and acceptable fairly and with moderate quality nothing special room for improvement
Neutral,Meets could improve expectations extremely with decent very nothing special
Neutral,As really described somewhat which after moderate quality somewhat reasonable
Neutral,Extremely mixed adequate that after feelings extremely quite really okay
Neutral,Very flaws some that normal okay quite really very adequate
Neutral,Mixed feelings okay while but with somewhat does the job
Neutral,Quite some somewhat flaws reasonable that ordinary conventional absolutely adequate
Neutral,Flaws some somewhat fair which with price average ordinary functional
Neutral,Meets expectations reasonable as described since really that while both good and bad
Neutral,Typical works fine somewhat while reasonable quite as described but both good and bad
Neutral,As described decent both good since which and but bad somewhat adequate normal
Neutral,Described as with and somewhat room for improvement absolutely decent
Neutral,Nothing very special acceptable quite could that improve typical adequate
Neutral,Normal meets very while quite expectations nothing really absolutely special
Neutral,Expectations meets which reasonable fair price some with but flaws really standard
Neutral,Really absolutely functional extremely fairly absolutely really basic fair price
Neutral,Good typical both and bad fairly nothing special quite and meets expectations quite okay
Neutral,Good and both bad with reasonable as described very adequate
Neutral,Moderate fairly reasonable quality somewhat extremely does but the job
Neutral,Basic some quite flaws really does after and the job
Neutral,Normal could improve extremely while after meets expectations as but described okay
Neutral,Improve decent could and quite really while works fine normal
Neutral,Special nothing decent fair price somewhat both good and bad fairly does which the job
Neutral,Nothing special and some flaws while does the job but somewhat conventional extremely decent
Neutral,Somewhat extremely fairly typical somewhat somewhat very fairly basic average
Neutral,Fair which price which some flaws extremely acceptable very works fine
Neutral,Average could fairly somewhat while improve extremely while quite basic
Neutral,Moderate ordinary quality reasonable room for with improvement meets expectations
Neutral,Improve really could with normal somewhat with really really okay
Neutral,With fair price some extremely flaws somewhat fairly somewhat ordinary
Neutral,Mixed feelings very fair extremely extremely quite after price reasonable
Neutral,Functional described as somewhat room for improvement and really okay
Neutral,Room improvement for with after okay fair price quite adequate
Neutral,Room with decent for since after absolutely improvement somewhat conventional
Neutral,Adequate average with with fair price while nothing special extremely mixed feelings
Neutral,As both described that good and bad which meets expectations
Neutral,Could nothing special improve fairly meets expectations fairly and after conventional somewhat acceptable
Neutral,Works average standard which fine that but conventional some flaws
Neutral,Reasonable nothing with special extremely does the job mixed that feelings absolutely while fair price
Neutral,Does decent the job fairly fair price somewhat since both good since and bad
Neutral,Extremely normal really quite very decent really nothing fairly special
Neutral,As meets described expectations but typical both while good and that bad somewhat decent
Neutral,Extremely fair okay price meets after expectations room for improvement
Neutral,Adequate ordinary absolutely decent extremely could that which improve typical
Neutral,Adequate quite reasonable with extremely could after and improve basic
Neutral,Ordinary really acceptable and some but extremely flaws fairly adequate
Neutral,Could normal somewhat since improve does the extremely really job
Neutral,Special okay nothing functional both with while good that and bad
Neutral,Absolutely moderate quality decent which extremely absolutely extremely works fine
Neutral,Job does the reasonable fair but but price could improve while very as described
Neutral,Fairly flaws some as described does after the extremely job
Neutral,That quality moderate absolutely does while the job could improve
Neutral,Conventional reasonable ordinary since after works fine mixed quite feelings
Neutral,Quality moderate functional really ordinary average since really could improve
Neutral,Basic functional really and average somewhat absolutely fairly moderate quality
Neutral,Standard which acceptable quite could improve conventional fairly meets expectations
Neutral,While feelings mixed which works fine since very extremely decent
Neutral,Adequate average both good with and bad basic really moderate quality
Neutral,Some flaws fair price but functional fairly extremely really standard
Neutral,Fairly reasonable normal room extremely which but while for improvement
Neutral,That nothing special while reasonable quite conventional does the job
Neutral,That some flaws and typical as since described absolutely meets expectations average
Neutral,Basic functional extremely while fairly could which quite improve typical
Neutral,Special okay nothing fairly conventional absolutely does the job really but both good and bad
Neutral,Mixed feelings somewhat acceptable conventional absolutely extremely and adequate basic
Neutral,Acceptable and nothing while special somewhat works fine that could improve
Neutral,Fairly somewhat basic fair absolutely somewhat price while absolutely decent
Neutral,Special nothing okay typical with really mixed but feelings with absolutely works fine
Neutral,Basic improve could which but extremely very really absolutely normal
Neutral,As acceptable described really which typical and mixed feelings really meets expectations
Neutral,For room acceptable improvement nothing special that functional with with moderate quality
Neutral,Meets decent fairly absolutely expectations which and after nothing special
Neutral,Really as described that average quite typical works extremely fine
Neutral,Fair really decent absolutely price basic after absolutely works fine
Neutral,Price fair decent while somewhat while meets which expectations standard
Neutral,Expectations typical meets absolutely while some flaws which standard with somewhat decent
Neutral,Somewhat nothing conventional special quite and that meets very expectations
Neutral,As acceptable described somewhat and could improve after but somewhat meets expectations absolutely moderate quality
Neutral,Basic works fine room after for improvement quite acceptable conventional
Neutral,Average as described moderate while quality really somewhat could improve
Neutral,Absolutely fairly meets expectations decent with fairly fair quite price
Neutral,Room standard quite for improvement really reasonable but extremely normal
Neutral,Average conventional both good which and bad standard really adequate
Neutral,Described as very works fine quite really but fairly okay
Neutral,Adequate really average extremely nothing special and mixed feelings typical
Neutral,Conventional reasonable nothing special while absolutely functional room that but for improvement
Neutral,The conventional does job that some flaws after absolutely acceptable and as described
Neutral,Okay conventional with meets expectations that mixed feelings that nothing special
Neutral,Quite extremely normal absolutely quite nothing quite special extremely functional
Neutral,Special okay nothing very works since fine both good and bad
Neutral,Nothing could special improve fairly works after with fine somewhat after decent conventional
Neutral,Functional as described fairly while normal somewhat both good but and bad
Neutral,The does job and while absolutely both good and bad extremely standard okay normal
Neutral,And acceptable as since described some flaws while works fine normal
Neutral,Special really nothing meets with and expectations moderate very quality
Neutral,Somewhat typical does the job some flaws with reasonable ordinary
Neutral,Some standard flaws typical fairly but does the which job average
Neutral,Mixed somewhat feelings acceptable functional but fairly and fair price
Neutral,Described as typical extremely does since the job acceptable room for improvement
Neutral,Mixed feelings very but which normal acceptable absolutely works fine
Neutral,Described as quite with but conventional since works fine okay
Neutral,Ordinary fairly absolutely typical extremely absolutely very quite really acceptable
Neutral,Okay conventional quite fairly quite mixed very absolutely somewhat feelings
Neutral,Improvement for room absolutely typical does the and but job very average standard
Neutral,Could improve but after works with very fine average typical
Neutral,While both good and while bad with does the job typical
Neutral,As moderate described which quality which acceptable extremely while both good and bad
Neutral,Average functional room after somewhat really since for somewhat improvement
Neutral,Both and good bad basic very fair price very functional while very decent
Neutral,Meets normal acceptable expectations while room for improvement as described
Neutral,That feelings mixed with nothing special very okay conventional quite works fine
Neutral,Good both ordinary and bad but and typical extremely meets expectations acceptable
Neutral,Mixed very extremely somewhat feelings but very reasonable typical adequate
Neutral,Really moderate somewhat somewhat absolutely really quality reasonable somewhat ordinary
Neutral,Nothing special really and somewhat which functional and could improve
Neutral,Somewhat absolutely really extremely really adequate somewhat reasonable nothing special
Neutral,Some standard fairly flaws and which absolutely does the job
Neutral,Basic the does while job really which while could improve
Neutral,Described fair as price after after some flaws adequate absolutely decent
Neutral,Functional very absolutely quite absolutely fairly typical extremely average basic
Neutral,Some flaws quite with very absolutely quite okay works fine
Neutral,Functional price fair since somewhat standard fairly could improve decent
Neutral,Acceptable extremely room for after fairly improvement adequate normal basic
Negative,Cheap materials absolutely dissatisfied very quite quite really somewhat broke
Negative,Materials damaged cheap not that worth which it fairly disappointed
Negative,Waste poor disappointed which after but of money stopped working unreliable
Negative,Quite cheap absolutely materials since very damaged somewhat terrible purchase
Negative,While dissatisfied not worth it absolutely terrible fairly with but low quality
Negative,Damaged but avoid awful fairly really flawed design very disappointed
Negative,Bad stopped after which really working while really flawed design
Negative,Design flawed quite avoid which with after disappointed absolutely poor
Negative,Extremely frustrated really fairly really somewhat terrible very extremely damaged
Negative,Poor very construction with regret fairly not with worth it
Negative,Damaged somewhat somewhat somewhat fairly extremely very unhappy absolutely poor
Negative,Frustrated and broke quite but unreliable while quite absolutely bad
Negative,Regret unreliable poor waste of money fairly with while stopped working
Negative,Stopped disappointed terrible working after since absolutely terrible purchase but cheap materials
Negative,Awful disappointed absolutely failed really extremely and unreliable terrible purchase
Negative,Fairly quality low very really unhappy which waste of money
Negative,Extremely very cheap absolutely materials very disappointed fairly very broke
Negative,Not do disappointed buy very failed really horrible after fairly after flawed design
Negative,Disappointed terrible that do not buy and very stopped working
Negative,Poor very extremely terrible purchase since and somewhat really dissatisfied
Negative,Somewhat defective unreliable poor fairly with while very absolutely unhappy
Negative,Somewhat unreliable bad do since not buy damaged really disappointed
Negative,After not worth that after it extremely flawed design frustrated
Negative,Very frustrated damaged fairly extremely low somewhat really very quality
Negative,Fairly not unreliable worth very since it really stopped working
Negative,Cheap materials awful fairly disappointed extremely which avoid very defective
Negative,Since waste of that money very unreliable defective dissatisfied terrible
Negative,Flawed regret awful very since with design somewhat terrible purchase
Negative,Extremely defective unhappy fairly and which horrible terrible somewhat purchase
Negative,Terrible purchase that bad absolutely stopped that working cheap materials
Negative,Money waste of low quality since after poor absolutely regret broke
Negative,Not worth since it quite flawed design regret poor broke
Negative,Failed but terrible that purchase very that unhappy really poor unreliable
Negative,Working stopped disappointed cheap materials very horrible that terrible purchase
Negative,Dissatisfied quite extremely low quality really after really horrible broke
Negative,Awful regret damaged unreliable somewhat not after somewhat worth it
Negative,Do fairly not buy while low quality stopped really working
Negative,Poor really regret with that construction extremely that absolutely avoid
Negative,Stopped really quite somewhat fairly working fairly terrible extremely regret
Negative,Regret awful unreliable somewhat fairly extremely while waste of money
Negative,Stopped absolutely working somewhat and absolutely avoid regret unreliable awful
Negative,Low fairly extremely absolutely quite fairly quality absolutely defective avoid
Negative,Avoid absolutely poor which disappointed really quite flawed design damaged
Negative,Unhappy not that worth it fairly which broke somewhat poor
Negative,Do awful not buy extremely frustrated which quite poor construction
Negative,Disappointed poor construction quite poor that absolutely waste of money
Negative,Poor since poor construction stopped fairly working somewhat terrible purchase
Negative,Cheap and materials bad very waste of money since really disappointed damaged
Negative,Construction poor quite defective since terrible purchase disappointed quite poor
Negative,Absolutely defective frustrated absolutely not worth with it really horrible
Negative,Poor but unhappy broke low quality since which waste of money
Negative,Disappointed terrible do but but not buy extremely failed flawed design
Negative,Horrible unreliable frustrated with that somewhat but stopped very working
Negative,Flawed working stopped design while fairly that poor quite with avoid disappointed
Negative,Terrible unhappy failed with with somewhat cheap materials waste of money
Negative,Really damaged fairly awful disappointed absolutely after somewhat low quality
Negative,Unhappy and waste of money fairly broke but and cheap materials
Negative,Very defective absolutely poor quite unreliable really but fairly disappointed
Negative,Bad frustrated quite avoid quite with since flawed very design
Negative,Since stopped avoid that working quite quite flawed very design
Negative,Horrible dissatisfied defective that avoid which fairly fairly low quality
Negative,It worth not and fairly quite dissatisfied somewhat extremely awful
Negative,Horrible fairly very flawed very design really fairly absolutely broke
Negative,Horrible materials cheap somewhat which unhappy do extremely not buy
Negative,Dissatisfied damaged very cheap very quite fairly somewhat fairly materials
Negative,Defective after unhappy waste of money fairly and terrible unreliable
Negative,Flawed design unhappy terrible but extremely damaged do and not buy
Negative,Broke waste dissatisfied of money after and really with cheap materials
Negative,Regret somewhat avoid since but fairly quite poor flawed design
Negative,Horrible damaged unhappy which really cheap materials fairly while but not worth it
Negative,Flawed which design extremely with while very disappointed really broke
Negative,Waste and terrible of while somewhat money somewhat poor construction
Negative,That regret bad unreliable but since really not worth it
Negative,Poor disappointed construction failed since waste that of after money bad
Negative,Terrible awful purchase very unhappy failed and which low quality
Negative,Extremely really fairly extremely awful very somewhat fairly failed dissatisfied
Negative,Avoid low bad while quite since quality failed very frustrated
Negative,Waste construction poor of money that which extremely failed disappointed bad
Negative,Extremely unreliable defective somewhat and really bad that very disappointed
Negative,Bad unreliable really very extremely very very absolutely quite broke
Negative,Defective very poor with construction while extremely very really dissatisfied
Negative,Defective quite extremely fairly really very quite dissatisfied poor construction
Negative,Cheap dissatisfied materials failed after bad absolutely since terrible purchase
Negative,Not buy do quite bad cheap materials with stopped and working unhappy
Negative,Really really really very extremely failed terrible really purchase dissatisfied
Negative,Do not regret after buy poor construction with absolutely stopped working fairly poor
Negative,Poor regret and flawed with design damaged not worth it
Negative,Design disappointed flawed somewhat bad which terrible since purchase defective
Negative,Low purchase terrible quality absolutely stopped and working regret absolutely horrible
Negative,Since bad avoid quite very poor after construction extremely regret
Negative,Low broke disappointed quality that while waste of money quite bad
Negative,Disappointed extremely absolutely somewhat do while with not buy poor
Negative,Materials fairly cheap and after somewhat awful not worth it
Negative,Purchase unreliable terrible and after quite poor very while regret damaged
Negative,Poor construction horrible that with somewhat frustrated and avoid stopped working
Negative,Of dissatisfied waste money very and but poor while construction awful failed
Negative,Failed since unreliable that since waste of money really dissatisfied
Negative,Poor frustrated really but since avoid since really poor construction
Negative,Very damaged extremely absolutely very fairly awful somewhat somewhat avoid
Negative,Very frustrated quite absolutely low quality which since fairly broke
Negative,Very broke somewhat absolutely somewhat really awful very extremely dissatisfied
Negative,Flawed somewhat absolutely very really fairly very design disappointed broke
Negative,Not very worth it and absolutely that awful somewhat unhappy
Negative,Low quality waste of but money awful somewhat stopped working but really unhappy
Negative,Damaged flawed design poor quite and after after avoid dissatisfied
Negative,Fairly quite unhappy horrible really absolutely really quite absolutely unreliable
Negative,Avoid very flawed but design after unhappy with poor damaged
Negative,Unhappy horrible avoid stopped while working somewhat and flawed design
Negative,Poor fairly really construction extremely quite absolutely very broke regret
Negative,Poor and construction broke after bad quite fairly unhappy avoid
Negative,Not while unreliable since worth it horrible but stopped working
Negative,Of waste somewhat which while money terrible stopped working frustrated
Negative,Stopped fairly disappointed working which which terrible absolutely terrible purchase
Negative,Stopped do working with not buy after while low quality
Negative,Worth not regret it since somewhat awful absolutely stopped working somewhat poor construction
Negative,Dissatisfied and awful while but terrible purchase defective flawed design
Negative,But not broke worth it really unhappy extremely unreliable bad
Negative,With avoid poor defective and that frustrated absolutely cheap materials
Negative,Purchase terrible that cheap materials absolutely poor and that fairly failed
Negative,After waste of money fairly awful but disappointed while defective unreliable
Negative,Purchase frustrated terrible stopped somewhat that working cheap quite materials
Negative,Terrible after purchase dissatisfied very absolutely low while quality awful
Negative,Poor extremely frustrated somewhat which extremely since cheap materials defective
Negative,Broke absolutely horrible with flawed after that design avoid regret
Negative,Regret somewhat damaged flawed absolutely very quite quite very design
Negative,Terrible unhappy extremely which and poor construction terrible purchase damaged
Negative,Very quite failed not really somewhat worth since it awful
Negative,Working stopped which bad waste of money after somewhat cheap materials really unhappy
Negative,Money waste of broke really unhappy but since awful extremely cheap materials
Negative,Fairly flawed quite absolutely absolutely extremely design quite failed awful
Negative,Waste and bad and of money very disappointed unreliable stopped working
Negative,Really somewhat really poor fairly disappointed flawed somewhat absolutely design
Negative,Unreliable not worth it quite horrible which and since defective really regret
Negative,Damaged terrible since purchase awful poor since construction absolutely unhappy
Negative,Damaged awful cheap with materials quite waste with and of money somewhat disappointed
Negative,Somewhat somewhat very fairly really regret flawed design extremely avoid
Negative,Unreliable but not worth it quite damaged very awful disappointed
Negative,Extremely very somewhat quite absolutely very somewhat terrible unhappy failed
Negative,It not worth while fairly failed frustrated poor cheap materials
Negative,Poor construction horrible absolutely waste of but money frustrated fairly defective
Negative,After awful avoid and failed extremely low since quality frustrated
Negative,Waste of money extremely bad dissatisfied quite and which poor construction
Negative,Quite purchase terrible after which unreliable awful absolutely broke regret
Negative,Cheap not materials worth it absolutely since unhappy absolutely awful absolutely damaged
Negative,Dissatisfied quite damaged that poor construction do after not buy
Negative,Defective unreliable somewhat horrible waste of but with money frustrated
Negative,Design flawed while which unhappy awful extremely with broke very not worth it
Negative,Dissatisfied poor with extremely absolutely construction really but absolutely damaged
Negative,Broke frustrated not quite after very absolutely with worth it
Negative,Terrible purchase low with quality dissatisfied but horrible with stopped working
Negative,Bad quite cheap while materials while extremely quite extremely defective
Negative,Unhappy working stopped quite fairly but but since extremely terrible
Negative,Really waste fairly of very money stopped and working unreliable
Negative,Stopped purchase terrible working and after low quality dissatisfied absolutely awful
Negative,Very avoid somewhat quite very fairly very horrible stopped working
Negative,Avoid after unreliable absolutely fairly awful absolutely extremely quite dissatisfied
Negative,Absolutely fairly bad somewhat defective absolutely really very avoid unhappy
Negative,Quality unhappy low very awful waste after which of that money broke
Negative,Cheap materials awful frustrated somewhat that since after terrible purchase
Negative,Waste of absolutely money extremely poor broke since poor construction
Negative,Quite awful regret flawed design waste which of money broke
Negative,Really extremely very extremely disappointed failed extremely very quite avoid
Negative,Not awful disappointed while that worth it fairly poor construction broke
Negative,Somewhat quite do not that buy regret very poor construction
Negative,Poor construction horrible really which frustrated absolutely not worth it
Negative,Horrible of waste while and money while very very damaged
Negative,Somewhat awful defective but poor construction but not worth it
Negative,Extremely avoid very really extremely low quality quite somewhat terrible
Negative,Quality somewhat low really regret absolutely with avoid stopped working
Negative,Horrible since dissatisfied cheap materials after damaged very terrible purchase
Negative,Fairly stopped avoid somewhat quite working quite fairly really unhappy
Negative,Dissatisfied very really really very quite avoid somewhat quite defective
Negative,Flawed broke design terrible not that worth with it extremely dissatisfied
Negative,Somewhat extremely fairly absolutely absolutely quite avoid very failed poor
Negative,Of waste money poor construction which horrible really defective frustrated
Negative,Since terrible avoid but very fairly unhappy with really failed
Negative,Absolutely design flawed which damaged awful quite somewhat somewhat unhappy
Negative,Damaged bad while frustrated flawed design waste of fairly money
Negative,Poor really construction really that which while terrible purchase dissatisfied
Negative,Low dissatisfied quality since after broke while not worth it
Negative,That waste broke of money quite dissatisfied poor flawed design
Negative,Cheap absolutely really materials while poor very waste of money
Negative,Stopped working very do while not but which buy awful
Negative,Regret since waste and of money low but quality failed terrible
Negative,Regret design flawed fairly while damaged which absolutely and not worth it
Negative,Horrible really extremely dissatisfied avoid defective very and flawed design
Negative,After not do buy but fairly stopped working low quality
Negative,Do terrible not buy quite frustrated fairly defective absolutely after with while poor construction
Negative,Stopped working terrible but which low quality really not worth it
Negative,Very very somewhat quite broke really fairly terrible flawed design
Negative,Stopped working awful not worth and it since fairly regret
Negative,Unreliable really failed and with terrible purchase frustrated absolutely poor
Negative,Damaged cheap terrible materials with quite after waste of money
Negative,Really very extremely absolutely absolutely fairly terrible somewhat disappointed damaged
Negative,Quite avoid regret very poor that quite fairly flawed design
Negative,Avoid regret while very terrible failed extremely cheap somewhat materials
Negative,Extremely poor very very quite very frustrated very quite failed
Negative,Regret flawed which design absolutely but not with worth it
Negative,Flawed design not and with worth it regret defective very terrible
Negative,Of unreliable waste money after dissatisfied absolutely and stopped working